{"cameraMode":{"drawMode":0,"name":"Shaded","section":"Shading Mode"},"sceneLighting":true,"audioPlay":false,"sceneViewState":{"showFog":true,"showMaterialUpdate":false,"showSkybox":true,"showFlares":true,"showImageEffects":true,"showParticleSystems":true},"in2DMode":false,"pivot":{"x":-1.1920928955078126e-7,"y":-1.3900001049041749,"z":-7.449999809265137},"rotation":{"x":0.05329328402876854,"y":-0.05507811903953552,"z":0.002944448497146368,"w":0.9970544576644898},"size":5.273288726806641,"orthographic":false}