{"cameraMode":{"drawMode":0,"name":"Shaded","section":"Shading Mode"},"sceneLighting":true,"audioPlay":false,"sceneViewState":{"showFog":true,"showMaterialUpdate":false,"showSkybox":true,"showFlares":true,"showImageEffects":true,"showParticleSystems":true},"in2DMode":false,"pivot":{"x":320.6544494628906,"y":204.0216522216797,"z":-870.71630859375},"rotation":{"x":0.04761384427547455,"y":-0.04882907122373581,"z":-0.002329301554709673,"w":-0.9976689219474793},"size":14.226839065551758,"orthographic":false}